סמל ועדה,שם ישוב,סמל ישוב,בזב,מצביעים,פסולים,כשרים,אמת,ג,ודעם,ז,זך,זץ,טב,י,יז,ינ,יף,יק,יר,כ,כן,ל,מחל,נ,נז,ני,נץ,נק,פה,ףז,ץ,ק,קי,קך,קץ,שס,
3,אור הגנוז,1294,281,184,0,184,2,83,0,0,0,0,3,0,0,0,0,0,0,0,0,0,31,0,0,0,6,0,1,0,0,0,0,0,0,58,
17,אחווה,1157,185,143,0,143,13,0,0,0,0,0,3,0,0,0,1,0,0,0,0,7,28,0,1,0,0,0,88,0,0,0,0,0,0,2,
17,אליאב,1365,224,197,1,196,24,0,1,0,0,0,59,0,0,0,0,0,0,0,0,3,21,0,0,0,0,0,88,0,0,0,0,0,0,0,
4,אפיק,4301,259,176,0,176,34,0,1,0,0,0,5,0,0,0,0,0,0,0,0,11,21,0,0,0,3,0,101,0,0,0,0,0,0,0,
5,ברק,141,304,219,1,218,13,0,0,0,0,0,5,0,0,0,0,0,0,0,0,4,92,0,0,0,1,0,93,0,0,0,0,0,0,10,
5,גדעונה,442,293,227,1,226,14,4,0,0,0,0,4,0,0,0,0,0,0,0,0,7,121,0,0,0,3,0,46,0,0,0,0,0,0,27,
5,דברת,407,327,230,2,228,27,0,0,0,0,0,1,0,0,0,0,0,0,0,0,7,24,0,1,0,0,0,164,0,0,0,0,0,0,4,
3,דישון,2063,296,198,1,197,7,1,0,0,0,0,14,0,0,0,0,0,0,0,0,6,104,4,0,0,4,0,39,0,0,0,0,0,0,18,
18,הר עמשא,1261,115,82,0,82,25,0,1,0,0,0,6,0,1,0,0,2,0,0,0,4,11,0,0,0,0,1,31,0,0,0,0,0,0,0,
3,כפר שמאי,605,335,263,0,263,11,13,1,0,0,0,30,0,0,0,0,0,0,1,0,1,143,1,0,0,4,0,13,0,0,0,0,0,0,45,
4,מיצר,4019,125,90,0,90,13,0,2,1,0,0,5,0,0,0,0,0,0,0,0,3,8,0,0,0,1,0,57,0,0,0,0,0,0,0,
18,מצדות יהודה,3745,329,253,1,252,3,6,0,0,0,0,191,0,0,0,0,0,0,0,0,2,35,0,0,0,3,0,4,0,0,0,0,0,0,8,
4,מצפה,58,130,92,0,92,12,0,0,0,0,0,1,0,0,0,0,0,0,0,0,3,26,1,0,0,0,0,49,0,0,0,0,0,0,0,
18,נווה זוהר,1057,55,21,0,21,3,0,1,0,0,0,1,0,0,0,0,0,0,0,0,0,9,0,0,0,1,1,5,0,0,0,0,0,0,0,
5,נורית,833,111,93,0,93,7,2,1,0,0,0,6,0,1,0,0,0,0,0,0,1,31,0,0,0,1,0,41,0,0,0,0,0,0,2,
18,ניצנה קהילת חינוך,1195,204,66,1,65,6,0,5,0,0,0,11,0,0,0,0,0,0,0,0,3,14,0,0,0,0,0,25,0,0,0,0,0,0,1,
18,עטאוונה שבט,969,110,31,0,31,0,0,30,0,0,0,0,0,0,0,0,0,0,0,0,0,1,0,0,0,0,0,0,0,0,0,0,0,0,0,
3,עין קנייא,4502,146,16,0,16,0,0,0,0,0,0,0,0,0,0,0,0,0,0,0,0,8,0,0,0,0,0,8,0,0,0,0,0,0,0,
3,עמוקה,1212,143,97,2,95,20,0,3,0,0,0,4,0,0,0,0,0,0,0,0,2,11,0,0,0,0,1,53,0,0,0,0,0,0,1,
5,פרזון,2053,290,216,1,215,11,3,0,0,0,0,15,0,0,0,0,0,0,0,0,1,138,1,0,0,5,0,30,0,0,0,0,0,1,10,
3,שפר,846,321,227,0,227,13,5,0,0,0,0,9,0,0,0,0,0,0,0,0,1,138,1,0,0,2,0,39,0,0,0,0,0,0,19,
3,אביבים,1115,332,246,0,246,0,4,0,0,0,0,2,0,0,0,0,0,0,0,0,0,175,0,0,0,0,0,4,0,0,0,0,0,0,61,
2,אדורה,3759,246,191,0,191,5,4,1,0,0,0,60,0,0,0,0,0,0,0,0,4,72,1,0,0,9,0,32,0,0,0,0,0,0,3,
5,אדירים,113,233,183,0,183,0,1,0,0,0,0,2,0,0,0,0,0,0,0,0,0,110,0,0,0,2,0,10,0,0,0,0,0,0,58,
3,אודם,4010,121,89,0,89,10,0,1,1,0,0,5,0,0,0,0,0,0,0,0,2,14,0,0,0,1,0,54,0,0,0,0,0,0,1,
3,אורטל,4013,248,177,0,177,31,0,0,0,0,0,11,0,0,0,0,0,0,0,0,2,21,0,0,0,0,0,110,0,0,0,0,0,0,2,
17,איבים,338,126,35,0,35,0,0,0,0,0,0,2,0,0,0,0,0,0,0,0,0,28,0,0,0,1,0,1,0,0,0,0,0,0,3,
9,אלעריאן,1316,127,104,1,103,0,0,102,0,0,0,0,0,0,0,0,0,0,0,0,0,0,0,0,0,0,0,0,0,0,0,0,0,0,1,
3,אלרום,4003,343,252,2,250,61,0,1,0,0,0,9,0,0,0,0,0,0,0,0,19,38,1,0,0,0,0,121,0,0,0,0,0,0,0,
17,אלומה,1145,330,280,0,280,0,74,0,0,0,0,8,0,0,0,0,0,0,0,0,0,14,0,0,0,2,0,0,0,0,0,0,0,0,182,
4,אלומות,330,300,210,0,210,50,1,0,0,0,0,8,0,0,0,0,0,0,0,0,4,24,0,0,0,1,0,119,0,0,0,0,0,0,3,
3,אלוני הבשן,4017,221,152,0,152,3,1,0,1,0,0,78,0,0,0,0,0,0,0,0,0,61,0,0,0,2,0,4,0,0,0,0,0,0,2,
9,אלוני יצחק,868,120,23,0,23,3,0,0,0,0,0,2,0,0,0,0,0,0,0,0,2,3,0,0,0,0,0,13,0,0,0,0,0,0,0,
18,אליפז,1248,113,74,1,73,8,0,0,0,0,0,1,0,0,0,0,0,0,0,0,5,10,0,0,0,0,0,49,0,0,0,0,0,0,0,
2,אלמוג,3556,193,135,1,134,31,1,0,0,0,0,5,0,0,0,0,0,0,0,0,2,26,1,0,0,0,0,68,0,0,0,0,0,0,0,
4,אמנון,1253,305,224,0,224,18,3,0,0,0,0,14,0,0,0,0,0,0,0,0,15,99,1,0,0,1,0,63,0,0,0,0,0,0,10,
18,אשל הנשיא,2021,114,73,0,73,7,0,0,0,0,0,10,0,0,0,0,0,0,0,0,3,26,0,0,0,0,0,27,0,0,0,0,0,0,0,
9,בית אורן,317,321,208,1,207,50,1,1,1,0,0,4,0,0,0,0,0,0,0,0,1,22,0,0,0,1,0,125,0,0,0,0,1,0,0,
5,בית זיד,353,113,74,1,73,19,0,1,0,0,0,0,0,0,0,0,0,0,1,0,1,3,0,0,0,0,0,41,0,0,5,1,0,0,1,
13,בית עובד,202,250,187,0,187,30,0,1,0,0,0,0,0,0,0,0,0,0,0,0,3,22,0,0,0,0,0,131,0,0,0,0,0,0,0,
9,בית צבי,212,68,33,0,33,0,20,0,0,0,0,1,0,0,0,0,0,0,0,0,0,7,0,0,0,1,0,0,0,0,0,0,0,0,4,
12,בן שמן כפר נוער,1084,236,167,0,167,44,0,3,0,0,0,1,0,0,0,0,0,0,0,0,2,31,0,0,0,1,0,80,0,0,0,0,0,0,5,
18,ברוש,2060,342,272,0,272,18,0,0,0,0,0,19,0,0,0,0,0,0,0,0,9,159,1,0,0,1,0,39,0,0,0,0,0,0,26,
18,גבעולים,2014,296,249,1,248,3,4,0,0,0,0,7,0,0,0,0,0,0,0,0,0,190,0,0,0,3,0,15,0,0,1,0,0,0,25,
19,גבעת חן,207,301,249,1,248,40,0,4,0,0,0,5,0,0,0,0,0,0,0,0,6,25,0,0,0,0,0,168,0,0,0,0,0,0,0,
17,גברעם,342,316,239,1,238,44,1,0,1,0,0,6,0,0,0,0,0,0,0,0,13,26,1,0,0,1,0,142,0,0,0,0,1,0,2,
5,גדיש,145,282,210,0,210,2,2,0,0,0,0,7,0,0,0,0,0,0,0,0,2,168,0,0,0,3,0,8,0,0,0,0,0,0,18,
3,גונן,852,343,234,0,234,56,0,1,0,0,0,2,0,0,0,0,0,0,0,0,6,13,0,0,0,0,0,156,0,0,0,0,0,0,0,
2,גיזו,1043,146,113,0,113,22,1,0,0,0,0,4,0,0,0,0,0,0,0,0,1,50,0,0,0,0,0,32,0,0,0,0,0,0,3,
13,גן שורק,311,264,206,0,206,17,1,4,0,0,0,6,0,0,0,0,0,0,0,0,4,46,0,0,0,0,0,128,0,0,0,0,0,0,0,
12,גני הדר,1103,258,202,0,202,31,1,0,0,0,0,7,0,0,0,0,0,0,0,0,6,34,0,0,0,0,0,123,0,0,0,0,0,0,0,
19,גני עם,218,212,167,0,167,32,0,0,0,0,0,6,0,0,0,0,0,0,0,0,2,29,0,0,0,0,0,98,0,0,0,0,0,0,0,
18,גרופית,1129,289,169,0,169,35,0,1,0,0,0,2,0,0,0,0,0,0,0,0,3,19,0,0,0,0,0,108,1,0,0,0,0,0,0,
4,גשור,4022,220,153,2,151,14,0,0,5,0,0,2,0,0,0,0,0,0,0,0,11,30,0,0,0,1,0,86,0,0,0,0,0,0,2,
9,דור,738,285,222,0,222,14,0,1,0,0,0,5,0,0,0,0,1,0,0,0,3,52,0,0,0,0,0,143,0,0,0,0,0,0,3,
4,האון,702,154,87,1,86,20,2,0,1,0,0,2,0,0,0,0,0,0,0,0,5,12,0,0,0,0,0,40,0,0,0,0,0,0,4,
2,הראל,464,220,120,0,120,45,0,5,0,0,0,0,0,0,0,0,0,0,0,0,0,7,0,0,0,0,0,63,0,0,0,0,0,0,0,
17,ורדון,1133,222,172,0,172,20,4,3,0,0,0,8,0,0,0,0,0,0,0,0,6,67,0,0,0,0,0,48,0,0,0,0,0,0,16,
17,זוהר,44,264,203,0,203,5,6,0,0,0,0,11,0,0,0,0,0,0,0,0,5,129,0,0,0,1,0,24,0,0,0,0,0,0,22,
18,זרועה,2064,305,229,0,229,3,7,0,0,0,0,9,0,0,0,0,0,0,0,0,0,151,0,0,0,4,0,20,0,0,0,0,0,0,35,
2,חברון,3400,297,216,1,215,0,21,0,0,0,0,98,0,0,0,0,0,0,0,0,1,45,0,0,0,39,0,2,0,0,0,0,0,2,7,
2,חגי,3764,335,262,0,262,0,16,0,0,0,0,179,0,0,0,0,0,0,0,0,0,57,0,0,0,8,0,0,0,0,0,0,0,0,2,
19,חורשים,355,296,196,0,196,67,0,2,0,0,0,3,0,0,0,0,0,0,0,0,4,32,0,0,0,0,0,88,0,0,0,0,0,0,0,
3,חזון,1047,257,227,0,227,2,7,0,0,0,0,15,0,0,0,0,0,0,0,0,0,155,0,0,0,3,0,12,0,0,0,0,0,0,33,
18,טללים,1177,330,234,1,233,38,0,0,0,0,0,11,0,0,0,0,0,0,0,0,10,49,0,0,0,0,0,123,0,0,0,0,0,0,2,
4,טפחות,1214,246,203,0,203,1,2,0,0,0,0,83,0,0,0,0,0,0,0,0,1,94,0,0,0,0,0,3,0,0,0,0,0,0,19,
2,יד השמונה,1134,161,114,0,114,3,0,0,0,0,0,7,0,0,0,0,0,0,0,0,19,37,0,0,0,0,0,48,0,0,0,0,0,0,0,
18,יושיביה,803,337,272,1,271,3,9,0,0,0,0,24,0,0,0,0,0,0,0,0,1,135,0,0,0,1,0,0,0,0,0,0,0,0,98,
3,כדיתה,1338,126,62,2,60,7,6,0,0,0,0,3,0,0,0,0,0,0,0,0,0,25,2,0,0,0,0,16,0,0,0,0,0,0,1,
3,כורזים,1252,336,216,0,216,40,5,1,1,0,0,6,0,0,0,0,0,0,0,0,7,30,1,0,0,0,0,125,0,0,0,0,0,0,0,
4,כלנית,1229,187,155,0,155,0,4,0,0,0,0,19,0,0,0,0,0,0,0,0,0,114,0,0,0,1,0,2,0,0,0,0,0,1,14,
18,כמהין,1291,234,171,2,169,40,1,3,0,0,0,16,0,0,0,0,0,0,0,0,7,26,1,0,0,0,0,75,0,0,0,0,0,0,0,
2,כסלון,859,277,213,0,213,11,1,1,1,0,0,6,0,0,0,0,0,0,0,0,3,129,0,0,0,0,0,16,1,0,0,0,0,0,44,
5,כפר גדעון,106,184,134,0,134,1,50,0,0,0,0,4,0,0,0,0,0,0,0,0,0,36,0,0,0,4,0,13,0,0,0,0,0,0,26,
8,כפר גלים,427,94,49,1,48,4,1,0,0,0,0,1,0,0,0,0,0,0,0,0,5,19,0,0,0,0,0,18,0,0,0,0,0,0,0,
9,כפר גליקסון,310,284,214,0,214,59,0,6,0,0,0,4,0,0,0,0,0,0,0,0,6,14,1,0,0,0,0,124,0,0,0,0,0,0,0,
19,כפר מלל,98,281,223,0,223,37,0,1,1,0,0,7,0,0,0,0,0,0,0,0,8,33,1,0,0,1,0,134,0,0,0,0,0,0,0,
17,כפר סילבר,107,87,34,0,34,4,0,0,0,0,0,1,0,0,0,0,0,0,0,0,1,9,0,0,0,1,0,18,0,0,0,0,0,0,0,
12,כפר רות,1166,185,149,1,148,14,3,0,0,0,0,13,0,0,0,0,0,0,0,1,3,27,0,0,0,2,0,81,0,0,0,0,0,0,4,
17,כרמי קטיף,1374,246,213,0,213,0,1,0,0,0,0,180,0,0,0,0,0,0,0,0,1,26,0,0,0,4,0,0,0,0,0,0,0,0,1,
18,כרמים,1198,215,168,1,167,43,0,2,0,0,0,34,0,0,0,0,0,0,0,0,0,19,1,0,0,0,0,68,0,0,0,0,0,0,0,
4,לבנים,1230,322,240,0,240,23,0,1,0,0,0,15,0,0,0,0,0,0,0,0,4,92,1,0,0,0,0,97,0,0,0,0,0,0,7,
9,מאיר שפיה,102,112,54,2,52,3,0,0,0,0,0,0,0,0,0,0,0,0,0,1,7,17,0,0,0,0,0,24,0,0,0,0,0,0,0,
9,מבוא דותן,3569,290,210,2,208,4,10,0,0,0,0,43,0,0,0,0,0,0,0,0,4,103,2,0,0,19,0,15,0,0,0,0,0,0,8,
12,מבוא מודיעים,1141,177,99,1,98,2,12,0,0,0,0,25,0,0,0,0,0,0,0,0,0,34,0,0,0,3,0,11,0,0,0,0,0,0,11,
2,מגדל עוז,3561,259,164,1,163,0,0,0,0,0,0,113,0,0,0,0,0,0,0,1,0,38,1,0,0,1,0,8,0,0,0,0,0,0,1,
5,מחנה יהודית,1413,132,95,1,94,7,0,0,0,0,0,4,0,0,0,0,0,0,0,0,3,33,1,0,0,0,0,43,0,0,0,0,0,0,3,
18,מחנה יפה,1415,203,164,1,163,9,0,0,0,0,0,25,0,0,0,0,0,0,0,0,4,46,1,0,0,0,0,78,0,0,0,0,0,0,0,
17,מחנה מרים,1414,105,83,1,82,7,0,1,0,0,0,7,0,0,0,0,0,0,0,0,2,17,0,0,0,0,0,46,0,0,0,0,0,0,2,
9,מי עמי,1128,255,198,2,196,61,1,8,1,0,0,2,0,0,0,0,0,0,0,0,2,9,1,0,0,0,0,111,0,0,0,0,0,0,0,
5,מלאה,164,276,234,2,232,6,1,0,0,0,0,8,0,0,0,0,0,0,0,0,1,163,0,0,0,2,0,22,0,0,0,0,0,0,29,
18,מלילות,2044,275,219,0,219,4,4,0,0,0,0,13,0,0,0,0,0,0,0,0,4,152,0,0,0,5,0,9,0,0,0,0,0,0,28,
3,מנרה,347,212,142,1,141,46,0,1,0,0,0,1,0,0,0,0,0,0,0,1,7,4,0,0,0,0,0,80,0,0,1,0,0,0,0,
4,מסדה,263,271,172,0,172,39,0,4,0,0,0,2,0,0,0,0,0,0,0,0,5,15,0,0,0,0,0,105,0,0,0,0,0,0,2,
4,מעגן,678,328,219,1,218,29,0,0,0,0,0,5,0,0,0,0,0,0,0,0,14,29,0,0,0,0,0,139,0,0,0,0,0,0,2,
18,מעון,3657,301,215,0,215,0,9,0,0,0,0,159,0,0,0,0,0,0,0,0,1,31,0,0,0,14,0,1,0,0,0,0,0,0,0,
9,מצפה אילן,1370,229,204,0,204,0,2,0,0,0,0,147,0,0,0,0,0,0,0,0,0,40,0,0,0,2,0,12,1,0,0,0,0,0,0,
16,מקווה ישראל,22,151,104,0,104,10,0,1,0,0,0,6,0,0,0,0,0,0,0,0,1,30,1,0,0,0,0,54,0,0,0,0,0,0,1,
3,מרגליות,843,342,196,0,196,32,4,1,0,0,0,4,0,0,0,0,0,0,0,0,3,95,0,1,0,3,0,43,0,0,0,0,0,0,10,
18,מרחב עם,1340,202,177,1,176,2,5,0,0,0,0,113,0,0,0,0,0,0,0,0,1,35,0,0,0,4,0,8,0,0,0,0,0,0,8,
3,משגב עם,378,259,169,1,168,59,0,1,0,0,0,2,0,0,0,0,0,0,0,0,11,8,0,0,0,0,0,87,0,0,0,0,0,0,0,
2,נגוהות,3724,142,123,1,122,0,2,0,1,0,0,78,0,0,0,0,0,0,0,0,0,22,0,0,0,15,0,1,0,0,0,0,0,0,3,
3,נווה אטיב,4303,163,98,0,98,10,0,0,0,0,0,11,0,0,0,0,1,0,0,0,1,22,1,0,0,0,0,50,0,0,1,0,0,0,1,
9,נווה ים,312,210,158,0,158,16,0,0,0,0,0,6,0,0,0,0,0,0,0,0,2,60,0,0,0,2,0,70,0,0,0,0,0,0,2,
17,נועם,15,313,235,1,234,1,2,0,0,0,0,5,0,0,0,0,0,0,0,0,0,175,0,0,0,2,0,7,0,0,0,0,0,0,42,
17,נטע,1369,245,218,2,216,0,9,0,0,0,0,180,0,0,0,0,0,0,0,0,0,17,0,0,0,1,0,4,0,0,0,0,0,0,5,
2,נטף,1254,345,246,0,246,111,0,15,0,0,0,4,0,0,0,0,0,0,0,0,1,2,0,0,0,0,0,113,0,0,0,0,0,0,0,
18,ניצני סיני,1280,205,129,0,129,22,0,0,0,0,0,10,0,0,0,0,0,0,0,0,11,26,0,0,0,0,0,60,0,0,0,0,0,0,0,
17,ניצנים,359,343,254,2,252,78,2,0,0,0,0,2,0,0,0,0,0,0,0,0,3,7,0,0,0,0,0,160,0,0,0,0,0,0,0,
2,נעמה,3713,145,88,0,88,2,0,0,0,0,0,9,0,0,0,0,0,0,0,0,3,32,0,0,0,0,0,40,0,0,0,0,0,0,2,
13,נצר חזני,1372,261,227,0,227,0,18,0,0,0,0,113,0,0,0,0,0,0,0,0,0,69,0,0,0,10,0,4,0,0,0,0,0,0,13,
2,נתיב הגדוד,3555,233,167,1,166,46,0,2,1,0,0,5,0,0,0,0,0,0,0,0,6,44,0,0,0,0,0,60,0,0,0,1,1,0,0,
18,סמר,1156,230,147,0,147,75,0,5,0,0,0,0,0,0,0,0,0,0,0,0,2,3,0,0,0,0,0,62,0,0,0,0,0,0,0,
18,סנסנה,3777,259,236,0,236,1,3,0,0,0,0,185,0,0,0,0,0,0,0,0,0,35,0,0,0,0,0,10,0,0,0,0,0,0,2,
2,עגור,794,302,242,0,242,10,14,1,0,0,0,2,0,0,0,0,0,0,0,0,1,160,0,0,0,2,0,17,0,0,0,0,0,0,35,
19,עדנים,2035,295,235,0,235,21,0,3,0,0,0,2,0,0,0,0,0,0,0,0,4,48,0,0,0,1,0,155,0,0,0,0,0,0,1,
18,עוקבי בנו עוקבה,957,292,174,0,174,4,0,168,0,0,0,0,0,0,0,0,0,0,0,0,0,0,0,0,0,1,0,1,0,0,0,0,0,0,0,
2,עטרת,3658,299,237,0,237,1,5,0,0,0,0,174,0,0,0,0,0,0,0,0,0,46,0,0,0,9,0,1,0,0,0,0,0,0,1,
3,עין זיוון,4503,281,187,0,187,28,0,0,0,0,0,6,0,0,0,0,0,0,0,0,13,29,0,0,0,1,0,110,0,0,0,0,0,0,0,
9,עין חוד,1320,194,137,0,137,0,0,136,0,0,0,0,0,0,0,0,0,0,0,0,0,0,0,0,0,0,0,1,0,0,0,0,0,0,0,
2,עמיחי,3824,73,66,0,66,0,5,0,0,0,0,29,0,0,0,0,0,0,0,0,0,19,0,0,0,5,0,1,0,0,0,0,0,0,7,
4,פוריה  כפר עבודה,1104,265,184,1,183,1,2,0,0,0,0,12,0,0,0,0,1,0,0,0,2,119,0,0,0,3,0,30,0,0,0,0,0,0,13,
2,פני חבר,3723,229,175,2,173,0,35,0,0,0,0,95,0,0,0,0,0,0,0,0,0,27,0,0,0,7,0,4,0,0,0,0,0,0,5,
3,צבעון,1213,163,138,2,136,59,1,4,0,0,0,8,0,0,1,0,0,0,0,0,1,5,0,0,0,0,0,57,0,0,0,0,0,0,0,
3,קדרים,1211,188,138,0,138,41,0,1,1,0,0,1,0,0,0,0,0,0,0,0,1,13,0,0,0,0,0,79,0,0,0,0,0,1,0,
17,קוממיות,766,253,183,0,183,0,177,0,0,0,0,0,0,0,0,0,0,0,0,0,0,3,0,0,0,0,0,0,0,0,0,0,0,0,3,
3,קלע,4024,220,142,1,141,14,1,0,0,0,0,3,0,0,0,0,0,0,0,0,10,38,0,0,0,0,0,74,0,0,0,0,0,0,1,
2,קרית ענבים,78,305,205,0,205,66,0,3,0,0,0,1,0,0,0,0,0,0,0,0,6,21,1,0,0,0,0,105,0,0,0,0,0,0,2,
9,ריחן,3568,207,156,0,156,10,1,2,0,0,0,16,0,0,0,0,0,0,0,0,7,44,0,0,0,3,0,72,0,0,0,0,0,0,1,
18,רתמים,1260,236,195,2,193,8,0,0,0,0,0,116,0,0,0,0,0,0,0,0,0,33,1,0,0,6,0,29,0,0,0,0,0,0,0,
2,שדות מיכה,27,267,202,0,202,5,1,0,0,0,0,13,0,0,0,0,0,0,0,0,4,111,0,0,0,1,0,14,0,0,0,0,0,0,53,
18,שומריה,1265,334,279,0,279,0,59,0,0,0,0,170,0,0,0,0,0,0,0,0,0,36,0,0,0,2,0,4,0,0,0,0,0,0,8,
18,שחרות,1266,130,68,0,68,22,0,0,0,0,0,0,0,0,0,0,0,0,0,0,7,5,0,0,0,0,0,33,1,0,0,0,0,0,0,
3,שעל,4009,218,166,0,166,13,0,0,0,0,0,6,0,0,0,0,0,0,0,0,7,48,0,0,0,0,0,86,0,0,0,0,0,0,6,
9,שער מנשה,921,136,11,0,11,1,0,0,0,0,0,0,0,0,0,0,0,0,0,0,0,3,0,0,0,0,0,4,0,0,0,0,0,0,3,
17,שקף,1233,293,239,0,239,47,0,0,1,0,0,7,0,0,0,0,0,0,0,0,4,50,0,0,0,0,0,128,1,0,0,0,0,0,1,
18,שרשרת,398,251,202,1,201,1,12,0,0,0,0,16,0,0,0,0,0,0,0,0,3,121,0,0,0,1,0,10,0,0,0,0,0,0,37,
18,תושיה,1083,316,254,0,254,0,10,0,1,0,0,135,0,0,0,0,0,0,0,0,1,95,0,0,0,5,0,1,0,0,0,0,0,0,6,
2,תירוש,10,331,252,0,252,2,3,0,0,0,0,10,0,0,0,0,0,0,0,0,1,136,0,0,0,1,0,5,0,0,0,0,0,0,94,
4,תל קציר,719,311,221,1,220,45,0,0,0,0,0,5,0,0,0,0,0,0,0,0,15,22,0,0,0,1,0,131,0,0,0,0,0,0,1,
2,תלם,3719,205,164,0,164,0,11,0,0,0,0,74,0,0,0,0,0,0,0,0,5,55,1,0,0,9,0,5,0,0,0,0,0,0,4,
5,אומן,1108,367,231,0,231,5,4,0,0,0,0,8,0,0,0,0,0,0,0,1,31,135,0,0,0,0,0,41,0,0,0,0,0,0,6,
18,אילות,1126,253,164,0,164,53,0,3,0,0,0,0,0,0,0,0,0,0,0,0,4,16,0,0,0,0,0,88,0,0,0,0,0,0,0,
18,אילת,2600,522,56,1,55,5,0,4,0,0,0,1,0,0,0,0,0,0,0,0,1,26,0,0,0,0,0,15,0,0,0,0,0,0,3,
17,איתן,37,350,274,1,273,1,14,0,0,0,0,22,0,0,0,0,0,0,0,0,0,176,1,0,0,5,0,6,0,0,0,0,0,0,48,
4,אלמגור,1125,294,219,0,219,26,0,5,0,0,0,5,0,0,0,0,0,0,0,0,5,7,0,0,0,2,0,169,0,0,0,0,0,0,0,
17,אשדוד,70,21828,13636,61,13575,269,1505,4,9,0,0,357,0,0,0,0,1,1,2,3,1951,5110,5,1,0,42,1,2315,8,2,3,1,1,2,1982,
17,אשקלון,7100,7736,4404,32,4372,95,63,4,1,0,0,132,0,0,0,0,2,1,0,1,1037,1945,1,3,0,20,0,641,1,2,1,1,0,1,420,
18,באר שבע,9000,6443,3261,31,3230,106,40,34,8,1,0,80,2,1,0,0,0,0,1,0,683,1545,2,0,1,19,0,416,1,0,0,2,2,3,283,
2,בית הערבה,3645,175,142,0,142,5,0,0,0,0,0,28,0,0,0,0,0,0,0,0,10,55,0,0,0,0,0,41,0,0,0,0,0,0,3,
10,בית ינאי,200,297,192,0,192,31,0,5,0,0,0,1,0,0,0,0,0,0,0,0,1,16,0,0,0,0,0,138,0,0,0,0,0,0,0,
13,בית רבן,848,331,248,0,248,0,13,0,0,0,0,122,0,0,0,0,0,0,0,0,0,77,0,0,0,6,0,1,0,0,0,0,0,0,29,
10,ביתן אהרן,252,213,77,0,77,5,2,0,0,0,0,2,0,0,0,0,0,0,0,0,3,14,0,0,0,0,0,50,0,0,0,0,0,0,1,
10,גבעת שפירא,1077,215,172,1,171,13,1,5,0,0,0,8,0,0,0,0,0,0,0,0,0,16,0,0,0,0,0,126,0,0,0,0,0,0,2,
13,גיבתון,196,265,217,1,216,41,2,0,2,0,0,4,0,0,0,0,0,0,0,0,6,33,0,0,0,0,0,126,0,1,0,0,0,0,1,
2,גלגל,3606,155,91,1,90,10,1,1,0,0,0,5,0,0,0,0,0,0,0,0,2,37,0,0,0,1,0,32,0,0,0,0,0,0,1,
2,גפן,39,266,224,0,224,4,2,0,0,0,0,7,0,0,0,0,0,0,0,0,2,148,0,0,0,4,0,19,0,0,0,0,0,0,38,
11,גת רימון,128,202,148,0,148,20,0,0,0,0,0,4,0,0,0,0,0,0,0,0,4,36,0,0,0,1,0,80,0,0,0,0,0,0,3,
3,דובב,1067,361,250,0,250,2,2,0,0,0,0,7,0,0,0,0,0,0,0,0,0,197,0,0,0,5,0,17,0,0,0,0,0,0,20,
18,דימונה,2200,2270,1249,13,1236,21,17,2,1,1,0,32,0,0,0,0,0,0,0,1,93,744,1,0,0,5,0,141,0,0,2,0,2,0,173,
2,ורד יריחו,3639,238,189,2,187,10,1,0,0,0,0,12,0,0,0,0,0,0,0,0,5,105,0,0,0,2,0,47,1,0,0,0,0,0,4,
10,חבצלת השרון,235,344,224,0,224,24,0,0,1,0,0,5,0,0,0,0,0,0,0,0,5,47,0,0,0,1,0,124,0,0,0,0,0,0,17,
16,חולון,6600,3971,2536,6,2530,118,29,1,1,0,0,58,0,0,0,0,0,0,0,1,149,989,3,0,0,13,0,726,1,0,0,1,0,1,439,
13,חפץ חיים,363,335,286,0,286,1,12,0,0,0,0,166,0,0,0,0,0,0,0,0,3,86,0,0,0,4,0,6,0,0,0,0,0,0,8,
18,יהל,1158,217,121,1,120,28,0,1,0,0,0,0,0,0,0,0,0,0,0,0,4,18,0,0,0,0,5,64,0,0,0,0,0,0,0,
2,ייטב,3607,205,160,1,159,2,5,0,3,0,0,64,0,0,0,0,0,0,0,0,8,71,2,0,0,1,0,2,0,0,0,0,0,0,1,
13,יסודות,440,317,290,0,290,0,274,0,0,0,0,5,0,0,0,0,0,0,0,0,1,4,0,0,0,0,0,0,0,0,0,1,0,0,5,
10,יעף,1044,171,140,1,139,23,2,3,0,0,0,3,0,0,0,0,0,0,0,0,0,29,0,0,0,0,0,76,0,1,0,0,0,0,2,
1,ירושלים,3000,9598,3987,26,3961,70,1320,233,1,0,0,171,0,0,0,0,0,0,0,0,27,526,4,1,0,44,0,171,1,1,0,0,0,0,1391,
19,ירקונה,183,308,225,0,225,23,0,0,0,0,0,4,0,0,0,0,0,0,0,0,1,29,0,0,0,0,0,166,0,0,0,0,0,0,2,
19,כפר סבא,6900,487,337,1,336,18,0,1,2,0,0,15,0,0,0,0,0,0,0,0,19,135,0,0,0,0,0,128,0,0,1,0,0,1,16,
13,כרם יבנה ישיבה,1094,157,144,0,144,1,30,0,0,0,0,101,0,0,0,0,0,0,0,0,0,4,0,0,0,0,0,0,0,0,0,0,0,0,8,
12,לוד,7000,1750,1065,14,1051,17,9,567,1,0,0,14,0,0,0,0,0,0,0,1,33,294,1,0,0,3,0,76,0,0,0,0,0,0,35,
18,לוטן,1255,158,87,0,87,41,1,2,0,0,0,2,0,0,0,0,0,0,0,0,4,6,0,0,0,0,0,31,0,0,0,0,0,0,0,
12,מודיעיןמכביםרעות,1200,1277,981,2,979,70,8,4,1,0,0,130,0,0,0,0,0,0,0,0,46,296,0,0,0,3,0,391,1,0,0,0,0,0,29,
13,מחנה הילה,1411,127,99,0,99,5,0,0,1,0,0,12,0,0,0,0,0,0,0,0,1,13,0,0,0,0,0,67,0,0,0,0,0,0,0,
18,מחנה יוכבד,1416,114,74,0,74,2,0,0,0,0,0,3,0,0,0,0,0,0,0,0,2,13,1,0,0,0,0,51,0,0,0,0,0,0,2,
13,מחנה תל נוף,1412,187,141,1,140,9,0,0,0,0,0,8,0,0,0,0,0,0,0,0,4,44,0,0,0,0,0,73,0,0,0,0,0,0,2,
2,מחסיה,776,318,261,0,261,5,9,0,0,0,0,8,0,0,0,0,0,0,0,0,1,158,0,0,0,4,0,24,0,0,0,0,0,0,52,
18,מסלול,748,498,372,1,371,18,5,0,1,0,0,22,0,0,0,0,0,0,0,0,10,180,0,0,0,4,0,104,0,0,0,0,0,0,27,
2,מצפה שלם,3610,251,187,1,186,29,1,0,0,0,0,41,0,0,0,0,0,0,0,0,4,39,0,0,0,1,0,71,0,0,0,0,0,0,0,
18,נאות סמדר,1197,260,150,1,149,28,0,1,0,0,0,1,0,0,0,0,0,0,0,0,1,16,0,0,0,0,0,101,0,0,0,0,0,0,1,
2,נווה שלום,1259,225,171,0,171,46,0,117,0,0,0,0,0,0,0,0,0,0,0,0,0,0,0,0,0,0,0,8,0,0,0,0,0,0,0,
5,נוף הגליל,1061,596,254,5,249,5,1,22,0,0,0,1,1,0,0,0,0,0,0,0,58,132,0,0,0,0,0,18,0,0,0,1,0,0,10,
2,נחליאל,3767,332,252,0,252,2,63,2,0,0,0,62,0,0,0,0,0,0,0,0,0,49,0,0,0,16,0,0,0,0,0,0,0,0,58,
10,נעורים,186,174,73,0,73,5,0,0,1,0,0,1,0,0,0,0,0,0,0,0,10,16,0,0,0,0,0,39,0,0,0,0,0,0,1,
8,נשר,2500,874,433,1,432,27,1,14,3,0,0,12,0,0,0,0,1,0,0,0,86,144,2,0,0,2,0,127,0,0,0,0,0,0,13,
18,סייד שבט,1170,575,167,0,167,3,0,139,0,0,0,0,0,0,1,0,0,0,0,0,0,14,0,0,0,1,0,9,0,0,0,0,0,0,0,
13,עיינות,156,115,50,0,50,6,0,1,0,0,0,4,0,0,0,0,0,0,0,0,1,17,0,0,0,0,0,21,0,0,0,0,0,0,0,
11,פתח תקווה,7900,4269,2988,15,2973,119,74,5,0,1,0,262,0,0,0,1,0,0,0,0,274,1051,4,2,0,3,1,1006,0,0,0,0,0,0,170,
10,צוקי ים,1102,165,119,0,119,24,1,0,0,0,0,2,0,0,0,0,0,0,0,0,1,20,0,0,0,0,0,69,0,0,0,0,0,0,2,
2,צפרירים,1079,307,207,2,205,32,2,6,0,0,0,5,0,0,0,0,0,0,0,0,4,80,0,0,0,0,0,61,0,0,0,0,0,0,15,
18,קוואעין שבט,972,489,118,1,117,0,0,93,0,0,0,0,0,0,0,0,1,0,0,0,0,21,0,0,0,0,0,2,0,0,0,0,0,0,0,
2,קליה,3601,318,222,0,222,12,1,1,0,0,0,14,0,0,0,0,0,0,0,0,17,49,0,0,0,0,0,127,1,0,0,0,0,0,0,
8,קרית אתא,6800,1830,1133,3,1130,36,22,0,0,0,0,50,0,0,0,0,0,0,0,0,83,580,0,0,0,4,1,212,0,0,0,0,0,0,142,
17,קרית גת,2630,1111,871,2,869,19,248,0,0,0,0,51,0,0,0,0,0,0,0,0,23,281,0,0,0,5,0,110,0,0,0,0,0,0,132,
8,קרית ים,9600,1140,657,1,656,12,11,0,0,0,0,14,1,0,0,0,0,0,0,0,107,329,0,0,0,2,0,134,0,0,0,0,0,1,45,
13,ראשון לציון,8300,13420,8110,31,8079,360,85,9,6,2,0,294,0,1,0,0,1,3,0,0,970,3064,4,1,1,15,0,2838,2,3,4,0,0,2,414,
13,רחובות,8400,4377,2832,14,2818,259,19,12,0,0,0,142,0,0,0,0,0,0,0,2,246,960,3,1,0,12,0,1050,2,3,0,0,0,0,107,
12,רמלה,8500,1046,597,9,588,18,4,42,0,0,0,13,0,0,0,0,0,0,0,0,17,342,0,0,0,1,0,67,0,0,0,0,0,0,84,
2,תומר,3558,246,189,0,189,15,1,0,0,0,0,14,0,0,0,0,0,0,0,0,5,66,0,0,0,3,0,85,0,0,0,0,0,0,0,
5,אביטל,2052,417,330,0,330,4,10,0,0,0,0,15,0,0,0,0,0,0,0,1,4,240,0,0,0,4,0,29,0,0,0,0,0,0,23,
5,אחוזת ברק,1330,1214,934,2,932,62,2,0,2,0,0,35,0,0,0,0,0,0,0,0,56,380,0,0,0,2,0,371,0,0,0,0,0,0,22,
18,אטרש שבט,965,568,183,1,182,1,0,172,0,0,0,0,0,0,0,0,0,0,0,0,2,0,0,0,0,0,0,6,0,0,0,0,0,0,1,
4,אליעד,4002,307,222,3,219,26,1,1,0,0,0,16,0,0,0,0,0,0,0,0,14,33,1,0,0,2,0,122,0,0,0,0,0,0,3,
2,אספר,3754,376,282,1,281,0,146,0,0,0,0,77,0,0,0,0,0,0,0,0,0,21,0,0,0,10,0,0,0,0,0,0,0,0,27,
4,אפיקים,176,490,331,0,331,98,0,3,0,0,0,4,0,0,0,0,1,0,1,0,4,18,0,0,0,0,0,200,0,0,0,0,0,0,2,
2,אפרת,3650,465,379,0,379,1,10,0,0,0,0,213,0,0,0,0,0,0,0,0,1,118,0,0,0,10,0,12,1,0,0,0,0,0,13,
18,אשכולות,3722,338,250,0,250,12,1,0,1,0,0,18,0,0,0,0,0,0,0,0,13,125,1,0,0,0,0,77,0,0,0,0,0,0,2,
9,באקה אלגרביה,6000,1981,1207,7,1200,8,0,1173,0,0,0,2,0,0,3,0,0,0,0,1,0,1,1,0,0,0,0,8,0,0,0,1,0,0,2,
5,בועיינהנוגידאת,482,719,431,1,430,10,0,381,0,0,0,1,0,0,0,1,0,0,0,0,0,8,0,0,0,0,0,27,0,0,0,0,1,0,1,
5,בית שאן,9200,650,439,3,436,9,5,0,0,0,0,25,0,0,0,1,0,0,0,0,9,272,0,0,0,4,0,25,0,0,1,0,0,0,85,
2,בית שמש,2610,1903,1249,8,1241,0,1020,0,0,0,0,7,0,0,0,0,0,0,0,0,0,14,0,0,0,1,0,2,0,0,0,0,0,0,197,
2,ביתר עילית,3780,513,397,2,395,0,244,0,0,0,0,1,0,0,0,0,0,0,0,0,0,22,0,0,0,0,0,0,0,0,0,0,0,0,128,
15,בני ברק,6100,1667,1307,13,1294,5,715,0,0,0,0,9,0,0,0,0,0,0,0,0,4,101,0,0,0,6,0,14,0,0,0,2,0,1,437,
9,גת,628,637,373,1,372,9,0,359,0,0,0,0,0,0,0,0,0,1,0,0,0,0,0,1,0,0,0,2,0,0,0,0,0,0,0,
2,גבעון החדשה,3644,526,353,2,351,7,3,4,2,1,0,28,0,0,0,0,0,0,0,0,17,175,0,0,1,1,0,101,1,0,0,0,0,1,9,
5,גבעת עוז,703,401,257,1,256,73,0,1,1,0,0,10,0,0,0,0,0,0,0,0,6,16,0,0,0,0,0,147,0,0,0,0,0,0,2,
15,גבעתיים,6300,1563,1148,4,1144,162,6,9,3,0,0,41,0,0,0,0,0,0,1,0,25,242,0,0,0,0,0,640,0,0,1,0,0,0,14,
15,גליל ים,346,352,275,0,275,77,0,7,0,0,0,3,0,0,0,0,0,0,0,0,4,10,0,0,0,1,0,165,0,0,0,0,0,0,8,
4,דגניה א,62,512,341,1,340,96,0,0,1,0,0,2,0,0,0,0,0,0,0,0,8,22,0,0,0,0,0,210,0,0,0,0,0,0,1,
5,דחי,475,511,292,4,288,3,0,276,0,0,0,1,0,0,0,0,0,0,0,0,0,3,0,0,0,0,0,4,0,0,0,0,0,0,1,
5,חבר,1110,362,259,0,259,8,1,0,0,0,0,7,0,0,0,0,0,0,0,0,14,147,1,0,0,3,0,59,1,0,0,0,0,0,18,
18,חורה,1303,512,338,4,334,3,0,314,0,0,0,0,0,0,1,0,0,0,0,0,0,2,0,1,0,0,0,12,0,0,0,1,0,0,0,
3,חצור הגלילית,2034,579,381,0,381,6,2,0,0,0,0,18,0,0,0,0,0,0,0,0,9,230,0,0,0,2,0,26,0,0,0,0,0,0,88,
4,טבריה,6700,8529,5273,20,5253,76,422,6,2,0,0,122,2,0,0,0,0,0,1,0,471,2801,1,0,2,39,1,518,2,0,1,0,0,4,782,
3,טובאזנגריה,962,703,367,2,365,2,0,324,0,0,0,0,0,0,0,0,0,0,0,0,0,7,0,0,0,1,0,26,0,0,0,2,1,0,2,
5,טורעאן,498,763,497,0,497,4,0,476,1,0,0,0,0,1,1,2,0,0,0,0,3,5,0,0,0,1,0,3,0,0,0,0,0,0,0,
4,יבנאל,46,668,453,2,451,12,28,0,0,0,0,16,0,0,0,0,0,0,0,0,8,111,0,0,0,11,0,112,0,0,0,0,0,0,153,
13,יבנה,2660,975,765,3,762,39,4,0,0,0,0,28,0,0,0,0,0,0,0,0,15,233,1,0,0,0,0,416,0,0,1,0,0,0,25,
11,יהודמונוסון,9400,321,208,1,207,6,1,0,0,0,0,4,0,0,0,0,0,0,0,0,3,126,0,0,0,1,0,32,0,0,0,0,0,0,34,
3,יראון,623,369,220,1,219,68,0,3,0,0,0,4,0,0,0,0,0,0,0,0,7,7,0,0,0,0,0,130,0,0,0,0,0,0,0,
4,כנף,4028,323,226,0,226,22,0,0,2,0,0,20,0,0,0,0,0,0,0,0,10,31,0,0,0,0,0,141,0,0,0,0,0,0,0,
4,כנרת מושבה,63,527,380,3,377,33,3,3,0,0,0,13,0,0,0,0,0,0,0,0,3,120,0,0,0,0,0,200,0,0,0,0,0,0,2,
5,כעביהטבאשחגאגרה,978,518,265,1,264,8,0,251,0,0,0,0,0,0,1,0,0,0,0,0,0,1,0,0,0,0,0,2,0,0,0,0,0,0,1,
2,כפר אדומים,3638,493,377,3,374,26,5,0,1,0,0,136,0,0,0,0,0,0,1,0,2,104,5,0,0,0,0,93,0,0,0,0,0,0,1,
4,כפר זיתים,786,474,356,0,356,3,6,0,1,0,0,24,0,0,0,0,0,0,1,0,0,248,0,0,0,2,0,38,0,0,0,0,0,1,32,
17,כפר מנחם,274,428,314,2,312,81,1,1,0,0,0,7,0,0,0,0,0,0,0,0,4,20,0,0,0,0,0,197,0,0,0,0,0,0,1,
5,כפר מצר,512,631,370,2,368,10,1,333,0,0,0,0,0,0,1,0,0,0,1,0,0,2,0,0,0,0,0,14,0,0,0,0,0,1,5,
12,כרמי יוסף,1264,469,379,0,379,53,3,1,1,0,0,9,0,0,0,0,0,0,0,0,11,52,0,0,0,0,0,248,0,0,0,0,0,0,1,
4,לביא,585,535,382,2,380,13,3,0,0,0,0,204,0,0,0,0,0,0,0,0,2,90,2,0,0,1,0,53,0,0,0,0,1,0,11,
9,מאור,2055,442,335,1,334,37,2,1,0,0,0,22,0,0,0,0,0,0,0,0,4,100,1,0,0,3,0,154,0,0,0,0,0,0,10,
5,מגדל העמק,874,560,294,3,291,1,3,1,1,0,0,8,0,0,0,0,0,0,0,0,45,142,0,0,0,0,0,23,0,0,0,0,0,0,67,
5,מגן שאול,1155,386,315,0,315,11,1,0,0,0,0,14,0,0,0,0,0,0,0,0,9,189,1,0,0,2,0,78,0,0,0,0,0,0,10,
12,מודיעין עילית,3797,603,507,3,504,0,444,0,0,0,0,1,0,0,0,0,0,0,0,0,1,3,0,0,0,2,0,0,1,0,0,0,0,0,52,
5,מולדת,269,371,277,0,277,44,2,0,0,0,0,8,0,0,0,0,0,0,0,0,9,24,0,0,0,1,0,188,0,0,0,0,0,0,1,
5,מיטב,2054,373,289,1,288,3,1,0,0,0,0,30,0,0,0,0,0,0,0,0,3,195,0,0,0,1,0,41,0,1,0,0,0,0,13,
2,מעלה אדומים,3616,543,346,1,345,7,11,0,0,0,0,22,0,0,0,0,0,0,0,0,28,183,0,0,0,2,2,41,0,0,0,0,1,0,48,
2,מעלה החמישה,286,592,413,0,413,123,0,3,1,0,0,9,0,0,0,0,0,0,1,1,4,21,2,0,0,0,0,247,1,0,0,0,0,0,0,
2,מעלה עמוס,3653,364,279,0,279,1,151,0,0,0,0,58,0,0,0,0,0,0,0,0,0,28,0,0,0,8,0,2,0,0,0,0,0,0,31,
18,משמר הנגב,395,429,287,1,286,90,0,0,0,0,0,6,0,0,0,0,0,0,0,0,7,35,0,0,0,1,1,145,0,0,0,0,1,0,0,
4,נטור,4014,250,188,2,186,13,0,2,0,0,0,61,0,0,0,0,0,0,0,0,1,49,0,0,0,4,0,53,1,0,0,0,0,0,2,
17,ניצן ב,1419,293,198,1,197,2,3,0,0,0,0,30,0,0,0,0,0,0,0,0,0,120,1,5,0,0,0,14,0,0,0,0,0,0,22,
5,ניר יפה,165,423,326,1,325,18,0,0,0,0,0,8,0,0,0,0,0,0,0,1,3,150,0,0,0,1,0,124,0,0,0,0,0,0,20,
13,נס ציונה,7200,527,467,1,466,23,1,1,0,0,0,12,0,0,0,0,0,0,0,0,22,121,0,0,0,0,0,280,0,0,0,0,0,0,6,
5,נצרת,7300,1180,668,3,665,3,0,638,0,0,0,0,0,0,1,0,0,0,0,0,1,10,0,0,0,1,0,7,0,1,1,0,0,0,2,
17,נתיב העשרה,1242,686,524,0,524,51,1,2,2,0,0,45,0,0,0,0,0,0,0,0,13,117,0,0,0,1,0,287,0,0,0,0,0,0,5,
18,נתיבות,246,724,466,6,460,2,4,0,0,0,0,14,0,0,0,0,0,0,0,0,164,194,0,0,0,2,0,27,0,1,1,1,0,0,50,
18,עומר,666,617,493,3,490,74,0,4,1,0,0,14,0,0,0,0,0,0,0,0,10,151,0,0,0,0,0,233,0,0,0,0,0,0,3,
5,עפולה,7700,4599,2743,14,2729,66,87,7,0,0,0,81,1,0,0,0,0,0,0,1,468,1300,4,1,0,23,0,496,0,0,4,0,0,0,190,
18,ערד,2560,705,391,5,386,7,188,4,0,0,0,5,0,0,0,0,0,0,0,0,74,52,1,0,0,0,1,46,0,0,0,0,0,0,8,
9,פוריידיס,537,776,457,7,450,8,0,432,0,0,0,0,0,0,0,0,0,0,0,0,0,0,0,0,0,0,1,5,0,0,0,0,1,1,2,
2,פסגות,3659,500,417,0,417,0,31,0,0,0,0,280,0,0,0,0,0,0,0,0,0,92,0,0,0,4,0,3,1,0,0,0,0,0,6,
19,צופית,198,436,328,0,328,60,2,4,0,0,0,5,0,0,0,0,0,0,0,0,8,31,0,0,0,0,0,217,0,0,0,0,0,0,1,
3,צפת,8000,4865,2998,17,2981,25,631,2,0,0,0,219,0,1,0,0,0,1,0,1,90,1179,2,1,0,58,0,148,0,0,1,0,0,2,620,
13,קדרון,615,538,411,1,410,42,1,1,2,0,0,2,0,0,0,0,0,0,0,0,10,52,0,0,0,1,0,295,1,0,0,0,0,1,2,
3,קצרין,4100,568,278,0,278,7,1,0,0,0,0,17,0,0,0,0,3,0,0,0,66,108,0,0,0,5,0,60,0,0,0,0,0,1,10,
8,קרית מוצקין,8200,547,355,4,351,19,2,0,0,0,0,9,1,0,0,0,0,0,0,0,39,151,0,0,0,0,0,120,1,0,0,0,0,0,9,
11,ראש העין,2640,403,312,1,311,13,4,0,1,0,0,11,0,0,0,0,0,0,1,1,9,106,0,0,0,2,0,147,0,0,0,0,1,0,15,
3,ראש פינה,26,624,449,0,449,70,8,4,2,0,0,27,0,0,0,0,0,0,0,0,17,133,2,0,0,1,0,168,0,0,0,0,0,0,17,
15,רמת גן,8600,1939,1049,2,1047,88,6,15,3,0,0,28,0,0,0,0,1,0,0,0,90,320,1,0,0,3,0,446,0,0,0,1,0,1,44,
15,רמת השרון,2650,700,493,2,491,56,7,1,0,0,0,12,0,0,0,0,1,0,0,1,9,84,0,1,0,2,0,313,0,0,0,0,0,0,4,
19,רעננה,8700,548,375,1,374,11,20,0,0,0,0,77,0,0,0,0,0,0,0,0,4,110,1,0,0,0,0,120,0,0,0,0,0,0,31,
17,שדרות,1031,603,446,0,446,16,10,0,0,0,0,74,0,0,0,0,0,0,0,0,38,219,0,0,0,0,0,42,0,0,0,0,0,0,47,
4,שער הגולן,264,490,365,0,365,106,0,2,0,0,0,4,0,0,0,0,0,0,0,0,3,21,0,1,0,1,1,225,0,0,0,0,0,0,1,
5,שריד,126,370,256,0,256,69,2,1,1,0,0,2,0,0,0,0,0,0,0,0,3,13,1,0,0,0,0,163,0,0,0,0,0,0,1,
14,תל אביב  יפו,5000,1130,690,3,687,100,14,113,0,0,0,27,0,0,0,0,0,0,0,0,9,68,0,0,0,0,0,345,0,0,0,0,0,0,11,
5,תל יוסף,84,370,277,0,277,66,0,3,0,0,0,9,0,0,0,0,0,0,0,0,7,9,0,1,0,0,0,180,0,0,0,0,0,0,2,
